color,type,pack
orange,plain,1
red,plain,1
green,plain,1
red,plain,1
yellow,plain,1
blue,plain,1
yellow,plain,1
green,plain,1
green,plain,1
yellow,plain,1
red,plain,1
green,plain,1
brown,plain,1
green,plain,1
brown,plain,1
yellow,plain,1
orange,plain,1
green,plain,1
brown,plain,1
yellow,plain,1
green,plain,1
orange,plain,1
orange,plain,1
brown,plain,1
green,plain,1
blue,plain,1
green,plain,1
blue,plain,1
blue,plain,1
red,plain,1
red,plain,1
blue,plain,1
blue,plain,1
blue,plain,1
yellow,plain,1
blue,plain,1
red,plain,1
red,plain,1
orange,plain,1
brown,plain,1
green,plain,1
green,plain,1
orange,plain,1
orange,plain,1
green,plain,1
blue,plain,1
blue,plain,1
blue,plain,1
yellow,plain,1
blue,plain,1
orange,plain,1
brown,plain,1
orange,plain,1
blue,plain,1
yellow,plain,1
brown,plain,1
orange,plain,2
orange,plain,2
red,plain,2
yellow,plain,2
green,plain,2
green,plain,2
orange,plain,2
yellow,plain,2
blue,plain,2
brown,plain,2
yellow,plain,2
blue,plain,2
green,plain,2
red,plain,2
brown,plain,2
brown,plain,2
orange,plain,2
blue,plain,2
green,plain,2
orange,plain,2
orange,plain,2
red,plain,2
red,plain,2
blue,plain,2
green,plain,2
yellow,plain,2
green,plain,2
orange,plain,2
yellow,plain,2
green,plain,2
red,plain,2
blue,plain,2
green,plain,2
orange,plain,2
orange,plain,2
green,plain,2
orange,plain,2
red,plain,2
red,plain,2
blue,plain,2
green,plain,2
green,plain,2
orange,plain,2
red,plain,2
green,plain,2
orange,plain,2
red,plain,2
orange,plain,2
blue,plain,2
red,plain,2
blue,plain,2
green,plain,2
yellow,plain,2
orange,plain,3
yellow,plain,3
red,plain,3
orange,plain,3
red,plain,3
brown,plain,3
orange,plain,3
green,plain,3
brown,plain,3
blue,plain,3
green,plain,3
red,plain,3
red,plain,3
yellow,plain,3
blue,plain,3
brown,plain,3
yellow,plain,3
yellow,plain,3
green,plain,3
brown,plain,3
red,plain,3
yellow,plain,3
yellow,plain,3
orange,plain,3
green,plain,3
orange,plain,3
blue,plain,3
brown,plain,3
green,plain,3
blue,plain,3
orange,plain,3
yellow,plain,3
orange,plain,3
brown,plain,3
blue,plain,3
yellow,plain,3
green,plain,3
brown,plain,3
green,plain,3
green,plain,3
blue,plain,3
yellow,plain,3
green,plain,3
orange,plain,3
yellow,plain,3
blue,plain,3
brown,plain,3
green,plain,3
green,plain,3
orange,plain,3
brown,plain,3
brown,plain,3
orange,plain,3
blue,plain,3
brown,plain,4
blue,plain,4
yellow,plain,4
blue,plain,4
orange,plain,4
blue,plain,4
red,plain,4
orange,plain,4
blue,plain,4
orange,plain,4
yellow,plain,4
brown,plain,4
red,plain,4
brown,plain,4
green,plain,4
green,plain,4
red,plain,4
green,plain,4
orange,plain,4
red,plain,4
brown,plain,4
blue,plain,4
blue,plain,4
green,plain,4
orange,plain,4
yellow,plain,4
blue,plain,4
orange,plain,4
orange,plain,4
orange,plain,4
orange,plain,4
orange,plain,4
red,plain,4
yellow,plain,4
green,plain,4
yellow,plain,4
yellow,plain,4
blue,plain,4
blue,plain,4
yellow,plain,4
blue,plain,4
orange,plain,4
red,plain,4
green,plain,4
orange,plain,4
yellow,plain,4
blue,plain,4
red,plain,4
orange,plain,4
blue,plain,4
yellow,plain,4
blue,plain,4
orange,plain,4
blue,plain,4
brown,plain,5
blue,plain,5
red,plain,5
blue,plain,5
red,plain,5
orange,plain,5
brown,plain,5
orange,plain,5
green,plain,5
red,plain,5
yellow,plain,5
orange,plain,5
green,plain,5
orange,plain,5
orange,plain,5
red,plain,5
green,plain,5
orange,plain,5
orange,plain,5
red,plain,5
green,plain,5
blue,plain,5
brown,plain,5
yellow,plain,5
yellow,plain,5
blue,plain,5
orange,plain,5
red,plain,5
green,plain,5
brown,plain,5
brown,plain,5
blue,plain,5
yellow,plain,5
yellow,plain,5
green,plain,5
orange,plain,5
green,plain,5
brown,plain,5
brown,plain,5
green,plain,5
orange,plain,5
brown,plain,5
green,plain,5
orange,plain,5
red,plain,5
yellow,plain,5
red,plain,5
blue,plain,5
yellow,plain,5
green,plain,5
orange,plain,5
yellow,plain,5
green,plain,6
green,plain,6
yellow,plain,6
blue,plain,6
yellow,plain,6
green,plain,6
yellow,plain,6
green,plain,6
yellow,plain,6
blue,plain,6
yellow,plain,6
blue,plain,6
red,plain,6
orange,plain,6
yellow,plain,6
blue,plain,6
yellow,plain,6
orange,plain,6
brown,plain,6
red,plain,6
brown,plain,6
green,plain,6
brown,plain,6
brown,plain,6
blue,plain,6
green,plain,6
blue,plain,6
green,plain,6
yellow,plain,6
green,plain,6
red,plain,6
green,plain,6
brown,plain,6
yellow,plain,6
yellow,plain,6
brown,plain,6
orange,plain,6
brown,plain,6
orange,plain,6
orange,plain,6
brown,plain,6
green,plain,6
green,plain,6
yellow,plain,6
green,plain,6
orange,plain,6
blue,plain,6
yellow,plain,6
red,plain,6
yellow,plain,6
brown,plain,6
brown,plain,6
green,plain,6
orange,plain,6
brown,plain,6
green,plain,7
blue,plain,7
brown,plain,7
red,plain,7
orange,plain,7
green,plain,7
yellow,plain,7
blue,plain,7
yellow,plain,7
red,plain,7
orange,plain,7
yellow,plain,7
green,plain,7
brown,plain,7
green,plain,7
yellow,plain,7
green,plain,7
orange,plain,7
brown,plain,7
green,plain,7
brown,plain,7
yellow,plain,7
green,plain,7
brown,plain,7
blue,plain,7
green,plain,7
yellow,plain,7
blue,plain,7
blue,plain,7
blue,plain,7
green,plain,7
red,plain,7
brown,plain,7
red,plain,7
brown,plain,7
green,plain,7
orange,plain,7
orange,plain,7
orange,plain,7
blue,plain,7
orange,plain,7
orange,plain,7
red,plain,7
blue,plain,7
green,plain,7
red,plain,7
green,plain,7
green,plain,7
yellow,plain,7
yellow,plain,7
red,plain,7
yellow,plain,7
green,plain,8
red,plain,8
brown,plain,8
green,plain,8
yellow,plain,8
orange,plain,8
blue,plain,8
red,plain,8
orange,plain,8
brown,plain,8
blue,plain,8
brown,plain,8
brown,plain,8
brown,plain,8
brown,plain,8
orange,plain,8
yellow,plain,8
orange,plain,8
blue,plain,8
yellow,plain,8
yellow,plain,8
red,plain,8
yellow,plain,8
blue,plain,8
brown,plain,8
blue,plain,8
blue,plain,8
blue,plain,8
blue,plain,8
green,plain,8
orange,plain,8
brown,plain,8
brown,plain,8
yellow,plain,8
green,plain,8
blue,plain,8
yellow,plain,8
green,plain,8
brown,plain,8
blue,plain,8
orange,plain,8
orange,plain,8
red,plain,8
red,plain,8
blue,plain,8
green,plain,8
red,plain,8
red,plain,8
yellow,plain,8
red,plain,8
yellow,plain,8
orange,plain,8
blue,plain,8
brown,plain,9
blue,plain,9
green,plain,9
yellow,plain,9
orange,plain,9
red,plain,9
yellow,plain,9
red,plain,9
blue,plain,9
orange,plain,9
orange,plain,9
green,plain,9
orange,plain,9
orange,plain,9
green,plain,9
brown,plain,9
orange,plain,9
brown,plain,9
blue,plain,9
green,plain,9
green,plain,9
green,plain,9
orange,plain,9
red,plain,9
yellow,plain,9
brown,plain,9
orange,plain,9
blue,plain,9
red,plain,9
brown,plain,9
red,plain,9
brown,plain,9
red,plain,9
green,plain,9
green,plain,9
green,plain,9
blue,plain,9
brown,plain,9
yellow,plain,9
orange,plain,9
orange,plain,9
yellow,plain,9
brown,plain,9
green,plain,9
red,plain,9
orange,plain,9
green,plain,9
brown,plain,9
orange,plain,9
yellow,plain,9
orange,plain,9
blue,plain,9
red,plain,9
orange,plain,9
green,plain,9
red,plain,10
brown,plain,10
red,plain,10
red,plain,10
yellow,plain,10
brown,plain,10
yellow,plain,10
orange,plain,10
green,plain,10
brown,plain,10
green,plain,10
orange,plain,10
orange,plain,10
orange,plain,10
green,plain,10
yellow,plain,10
green,plain,10
blue,plain,10
yellow,plain,10
green,plain,10
orange,plain,10
red,plain,10
blue,plain,10
orange,plain,10
yellow,plain,10
red,plain,10
orange,plain,10
brown,plain,10
green,plain,10
red,plain,10
blue,plain,10
orange,plain,10
brown,plain,10
brown,plain,10
red,plain,10
orange,plain,10
green,plain,10
green,plain,10
red,plain,10
brown,plain,10
red,plain,10
red,plain,10
brown,plain,10
yellow,plain,10
green,plain,10
red,plain,10
yellow,plain,10
green,plain,10
blue,plain,10
blue,plain,10
orange,plain,10
green,plain,10
blue,plain,10
green,plain,10
blue,plain,10
green,plain,11
green,plain,11
brown,plain,11
red,plain,11
brown,plain,11
blue,plain,11
orange,plain,11
brown,plain,11
red,plain,11
red,plain,11
orange,plain,11
brown,plain,11
red,plain,11
red,plain,11
brown,plain,11
orange,plain,11
brown,plain,11
blue,plain,11
blue,plain,11
green,plain,11
blue,plain,11
blue,plain,11
blue,plain,11
brown,plain,11
orange,plain,11
red,plain,11
red,plain,11
orange,plain,11
blue,plain,11
yellow,plain,11
brown,plain,11
green,plain,11
red,plain,11
blue,plain,11
blue,plain,11
blue,plain,11
green,plain,11
blue,plain,11
brown,plain,11
yellow,plain,11
green,plain,11
orange,plain,11
brown,plain,11
orange,plain,11
blue,plain,11
red,plain,11
blue,plain,11
orange,plain,11
green,plain,11
blue,plain,11
green,plain,11
yellow,plain,11
blue,plain,11
blue,plain,11
green,plain,12
green,plain,12
yellow,plain,12
blue,plain,12
brown,plain,12
blue,plain,12
brown,plain,12
blue,plain,12
yellow,plain,12
blue,plain,12
yellow,plain,12
green,plain,12
blue,plain,12
green,plain,12
blue,plain,12
yellow,plain,12
orange,plain,12
orange,plain,12
green,plain,12
brown,plain,12
orange,plain,12
green,plain,12
orange,plain,12
blue,plain,12
brown,plain,12
green,plain,12
brown,plain,12
orange,plain,12
green,plain,12
blue,plain,12
orange,plain,12
yellow,plain,12
brown,plain,12
green,plain,12
green,plain,12
green,plain,12
yellow,plain,12
blue,plain,12
green,plain,12
red,plain,12
blue,plain,12
yellow,plain,12
blue,plain,12
red,plain,12
brown,plain,12
orange,plain,12
blue,plain,12
orange,plain,12
green,plain,12
orange,plain,12
orange,plain,12
blue,plain,12
yellow,plain,12
blue,plain,12
yellow,plain,13
blue,plain,13
yellow,plain,13
orange,plain,13
green,plain,13
red,plain,13
blue,plain,13
red,plain,13
blue,plain,13
blue,plain,13
red,plain,13
red,plain,13
brown,plain,13
orange,plain,13
red,plain,13
brown,plain,13
red,plain,13
green,plain,13
red,plain,13
blue,plain,13
brown,plain,13
green,plain,13
blue,plain,13
orange,plain,13
blue,plain,13
red,plain,13
yellow,plain,13
green,plain,13
blue,plain,13
blue,plain,13
blue,plain,13
green,plain,13
yellow,plain,13
blue,plain,13
yellow,plain,13
red,plain,13
orange,plain,13
green,plain,13
green,plain,13
green,plain,13
orange,plain,13
yellow,plain,13
red,plain,13
blue,plain,13
red,plain,13
orange,plain,13
brown,plain,13
orange,plain,13
orange,plain,13
red,plain,13
blue,plain,13
green,plain,13
blue,plain,14
red,plain,14
yellow,plain,14
brown,plain,14
blue,plain,14
orange,plain,14
orange,plain,14
red,plain,14
red,plain,14
blue,plain,14
blue,plain,14
brown,plain,14
yellow,plain,14
orange,plain,14
yellow,plain,14
green,plain,14
blue,plain,14
green,plain,14
red,plain,14
orange,plain,14
red,plain,14
blue,plain,14
orange,plain,14
brown,plain,14
blue,plain,14
orange,plain,14
orange,plain,14
green,plain,14
yellow,plain,14
orange,plain,14
yellow,plain,14
red,plain,14
green,plain,14
blue,plain,14
yellow,plain,14
orange,plain,14
yellow,plain,14
green,plain,14
red,plain,14
blue,plain,14
red,plain,14
green,plain,14
orange,plain,14
orange,plain,14
yellow,plain,14
blue,plain,14
blue,plain,14
red,plain,14
yellow,plain,14
green,plain,14
brown,plain,14
yellow,plain,14
green,plain,14
brown,plain,14
brown,plain,14
red,plain,15
orange,plain,15
red,plain,15
green,plain,15
red,plain,15
brown,plain,15
green,plain,15
brown,plain,15
blue,plain,15
green,plain,15
yellow,plain,15
brown,plain,15
orange,plain,15
brown,plain,15
yellow,plain,15
blue,plain,15
orange,plain,15
green,plain,15
orange,plain,15
red,plain,15
orange,plain,15
blue,plain,15
blue,plain,15
yellow,plain,15
blue,plain,15
red,plain,15
blue,plain,15
blue,plain,15
green,plain,15
brown,plain,15
brown,plain,15
orange,plain,15
blue,plain,15
green,plain,15
brown,plain,15
green,plain,15
brown,plain,15
blue,plain,15
red,plain,15
red,plain,15
red,plain,15
blue,plain,15
red,plain,15
yellow,plain,15
red,plain,15
orange,plain,15
green,plain,15
brown,plain,15
green,plain,15
orange,plain,15
blue,plain,15
blue,plain,15
brown,plain,15
brown,plain,15
brown,plain,15
orange,plain,16
yellow,plain,16
brown,plain,16
orange,plain,16
brown,plain,16
red,plain,16
orange,plain,16
green,plain,16
orange,plain,16
yellow,plain,16
brown,plain,16
blue,plain,16
red,plain,16
green,plain,16
yellow,plain,16
orange,plain,16
red,plain,16
orange,plain,16
brown,plain,16
orange,plain,16
brown,plain,16
yellow,plain,16
blue,plain,16
red,plain,16
blue,plain,16
green,plain,16
orange,plain,16
orange,plain,16
blue,plain,16
red,plain,16
green,plain,16
brown,plain,16
green,plain,16
orange,plain,16
blue,plain,16
green,plain,16
green,plain,16
orange,plain,16
red,plain,16
yellow,plain,16
blue,plain,16
green,plain,16
blue,plain,16
green,plain,16
orange,plain,16
yellow,plain,16
yellow,plain,16
yellow,plain,16
blue,plain,16
yellow,plain,16
orange,plain,16
green,plain,16
orange,plain,16
brown,plain,17
yellow,plain,17
yellow,plain,17
green,plain,17
orange,plain,17
green,plain,17
orange,plain,17
brown,plain,17
yellow,plain,17
yellow,plain,17
orange,plain,17
brown,plain,17
orange,plain,17
brown,plain,17
blue,plain,17
blue,plain,17
green,plain,17
red,plain,17
blue,plain,17
brown,plain,17
green,plain,17
green,plain,17
blue,plain,17
blue,plain,17
orange,plain,17
yellow,plain,17
blue,plain,17
orange,plain,17
orange,plain,17
red,plain,17
brown,plain,17
brown,plain,17
yellow,plain,17
orange,plain,17
blue,plain,17
red,plain,17
brown,plain,17
orange,plain,17
yellow,plain,17
red,plain,17
blue,plain,17
yellow,plain,17
orange,plain,17
blue,plain,17
yellow,plain,17
green,plain,17
orange,plain,17
blue,plain,17
blue,plain,17
blue,plain,17
yellow,plain,17
blue,plain,17
red,plain,17
blue,plain,17
red,plain,17
orange,plain,18
green,plain,18
orange,plain,18
blue,plain,18
brown,plain,18
red,plain,18
blue,plain,18
orange,plain,18
orange,plain,18
brown,plain,18
brown,plain,18
brown,plain,18
red,plain,18
orange,plain,18
orange,plain,18
blue,plain,18
orange,plain,18
yellow,plain,18
red,plain,18
blue,plain,18
blue,plain,18
orange,plain,18
green,plain,18
blue,plain,18
orange,plain,18
green,plain,18
blue,plain,18
orange,plain,18
red,plain,18
green,plain,18
brown,plain,18
red,plain,18
yellow,plain,18
yellow,plain,18
yellow,plain,18
green,plain,18
red,plain,18
brown,plain,18
orange,plain,18
orange,plain,18
blue,plain,18
orange,plain,18
brown,plain,18
red,plain,18
green,plain,18
blue,plain,18
green,plain,18
blue,plain,18
green,plain,18
red,plain,18
orange,plain,18
green,plain,18
blue,plain,18
orange,plain,18
blue,plain,18
yellow,plain,18
orange,plain,19
orange,plain,19
yellow,plain,19
green,plain,19
yellow,plain,19
yellow,plain,19
yellow,plain,19
yellow,plain,19
yellow,plain,19
brown,plain,19
red,plain,19
green,plain,19
orange,plain,19
yellow,plain,19
orange,plain,19
orange,plain,19
yellow,plain,19
red,plain,19
yellow,plain,19
blue,plain,19
blue,plain,19
orange,plain,19
yellow,plain,19
brown,plain,19
blue,plain,19
blue,plain,19
blue,plain,19
brown,plain,19
blue,plain,19
blue,plain,19
orange,plain,19
yellow,plain,19
yellow,plain,19
red,plain,19
yellow,plain,19
green,plain,19
orange,plain,19
blue,plain,19
yellow,plain,19
orange,plain,19
blue,plain,19
red,plain,19
brown,plain,19
brown,plain,19
brown,plain,19
orange,plain,19
green,plain,19
orange,plain,19
blue,plain,19
brown,plain,19
blue,plain,19
blue,plain,19
blue,plain,19
green,plain,19
yellow,plain,20
blue,plain,20
brown,plain,20
yellow,plain,20
orange,plain,20
yellow,plain,20
orange,plain,20
green,plain,20
red,plain,20
green,plain,20
green,plain,20
blue,plain,20
yellow,plain,20
brown,plain,20
red,plain,20
green,plain,20
orange,plain,20
yellow,plain,20
blue,plain,20
red,plain,20
red,plain,20
green,plain,20
orange,plain,20
red,plain,20
blue,plain,20
orange,plain,20
yellow,plain,20
orange,plain,20
yellow,plain,20
blue,plain,20
blue,plain,20
green,plain,20
green,plain,20
brown,plain,20
red,plain,20
brown,plain,20
yellow,plain,20
orange,plain,20
brown,plain,20
green,plain,20
brown,plain,20
brown,plain,20
orange,plain,20
blue,plain,20
blue,plain,20
blue,plain,20
blue,plain,20
blue,plain,20
red,plain,20
green,plain,20
yellow,plain,20
blue,plain,20
green,plain,20
green,plain,20
green,plain,20
red,plain,20
brown,plain,20
yellow,plain,21
green,plain,21
yellow,plain,21
blue,plain,21
green,plain,21
green,plain,21
brown,plain,21
red,plain,21
blue,plain,21
green,plain,21
brown,plain,21
orange,plain,21
green,plain,21
blue,plain,21
orange,plain,21
brown,plain,21
green,plain,21
orange,plain,21
green,plain,21
blue,plain,21
brown,plain,21
red,plain,21
orange,plain,21
green,plain,21
orange,plain,21
green,plain,21
red,plain,21
red,plain,21
blue,plain,21
orange,plain,21
green,plain,21
orange,plain,21
yellow,plain,21
green,plain,21
green,plain,21
orange,plain,21
green,plain,21
orange,plain,21
brown,plain,21
orange,plain,21
blue,plain,21
orange,plain,21
yellow,plain,21
orange,plain,21
green,plain,21
brown,plain,21
green,plain,21
red,plain,21
brown,plain,21
green,plain,21
blue,plain,21
brown,plain,21
brown,plain,21
green,plain,21
red,plain,21
red,plain,22
red,plain,22
brown,plain,22
brown,plain,22
orange,plain,22
green,plain,22
green,plain,22
blue,plain,22
blue,plain,22
brown,plain,22
yellow,plain,22
green,plain,22
red,plain,22
orange,plain,22
blue,plain,22
blue,plain,22
yellow,plain,22
orange,plain,22
orange,plain,22
red,plain,22
blue,plain,22
green,plain,22
green,plain,22
green,plain,22
blue,plain,22
orange,plain,22
yellow,plain,22
brown,plain,22
orange,plain,22
blue,plain,22
brown,plain,22
red,plain,22
blue,plain,22
orange,plain,22
brown,plain,22
brown,plain,22
blue,plain,22
red,plain,22
blue,plain,22
green,plain,22
orange,plain,22
yellow,plain,22
yellow,plain,22
orange,plain,22
green,plain,22
green,plain,22
orange,plain,22
red,plain,22
red,plain,22
brown,plain,22
yellow,plain,22
yellow,plain,22
blue,plain,22
yellow,plain,22
green,plain,23
green,plain,23
blue,plain,23
green,plain,23
green,plain,23
yellow,plain,23
orange,plain,23
red,plain,23
green,plain,23
orange,plain,23
orange,plain,23
blue,plain,23
red,plain,23
orange,plain,23
blue,plain,23
green,plain,23
blue,plain,23
orange,plain,23
yellow,plain,23
brown,plain,23
yellow,plain,23
green,plain,23
green,plain,23
blue,plain,23
red,plain,23
orange,plain,23
blue,plain,23
orange,plain,23
orange,plain,23
red,plain,23
red,plain,23
orange,plain,23
green,plain,23
orange,plain,23
yellow,plain,23
orange,plain,23
orange,plain,23
orange,plain,23
red,plain,23
orange,plain,23
blue,plain,23
brown,plain,23
blue,plain,23
brown,plain,23
yellow,plain,23
orange,plain,23
brown,plain,23
blue,plain,23
green,plain,23
orange,plain,23
green,plain,23
blue,plain,23
orange,plain,23
red,plain,23
green,plain,23
blue,plain,24
yellow,plain,24
blue,plain,24
green,plain,24
blue,plain,24
green,plain,24
yellow,plain,24
blue,plain,24
red,plain,24
brown,plain,24
brown,plain,24
red,plain,24
yellow,plain,24
blue,plain,24
brown,plain,24
blue,plain,24
red,plain,24
yellow,plain,24
orange,plain,24
brown,plain,24
brown,plain,24
brown,plain,24
brown,plain,24
brown,plain,24
red,plain,24
blue,plain,24
yellow,plain,24
green,plain,24
blue,plain,24
green,plain,24
orange,plain,24
brown,plain,24
yellow,plain,24
orange,plain,24
yellow,plain,24
orange,plain,24
yellow,plain,24
green,plain,24
orange,plain,24
green,plain,24
yellow,plain,24
green,plain,24
yellow,plain,24
blue,plain,24
blue,plain,24
orange,plain,24
orange,plain,24
green,plain,24
yellow,plain,24
brown,plain,24
orange,plain,24
green,plain,24
orange,plain,24
orange,plain,24
brown,plain,24
green,plain,24
blue,plain,24
green,plain,25
brown,plain,25
green,plain,25
green,plain,25
blue,plain,25
red,plain,25
red,plain,25
green,plain,25
blue,plain,25
yellow,plain,25
orange,plain,25
green,plain,25
yellow,plain,25
orange,plain,25
blue,plain,25
green,plain,25
blue,plain,25
brown,plain,25
green,plain,25
blue,plain,25
orange,plain,25
blue,plain,25
orange,plain,25
green,plain,25
red,plain,25
yellow,plain,25
blue,plain,25
brown,plain,25
yellow,plain,25
brown,plain,25
red,plain,25
brown,plain,25
blue,plain,25
green,plain,25
blue,plain,25
orange,plain,25
brown,plain,25
red,plain,25
green,plain,25
orange,plain,25
green,plain,25
orange,plain,25
orange,plain,25
blue,plain,25
orange,plain,25
brown,plain,25
brown,plain,25
yellow,plain,25
green,plain,25
orange,plain,25
orange,plain,25
yellow,plain,25
green,plain,25
yellow,plain,26
brown,plain,26
green,plain,26
yellow,plain,26
green,plain,26
brown,plain,26
brown,plain,26
orange,plain,26
red,plain,26
orange,plain,26
red,plain,26
brown,plain,26
green,plain,26
yellow,plain,26
brown,plain,26
orange,plain,26
green,plain,26
blue,plain,26
red,plain,26
blue,plain,26
orange,plain,26
red,plain,26
orange,plain,26
green,plain,26
brown,plain,26
orange,plain,26
green,plain,26
orange,plain,26
red,plain,26
blue,plain,26
orange,plain,26
red,plain,26
brown,plain,26
green,plain,26
brown,plain,26
yellow,plain,26
green,plain,26
yellow,plain,26
green,plain,26
orange,plain,26
red,plain,26
red,plain,26
orange,plain,26
blue,plain,26
yellow,plain,26
blue,plain,26
blue,plain,26
red,plain,26
red,plain,26
blue,plain,26
red,plain,26
orange,plain,26
red,plain,26
green,plain,26
green,plain,27
orange,plain,27
yellow,plain,27
red,plain,27
orange,plain,27
orange,plain,27
orange,plain,27
yellow,plain,27
brown,plain,27
red,plain,27
red,plain,27
red,plain,27
green,plain,27
orange,plain,27
yellow,plain,27
brown,plain,27
orange,plain,27
red,plain,27
green,plain,27
orange,plain,27
blue,plain,27
blue,plain,27
red,plain,27
blue,plain,27
red,plain,27
orange,plain,27
yellow,plain,27
green,plain,27
orange,plain,27
red,plain,27
orange,plain,27
red,plain,27
green,plain,27
orange,plain,27
orange,plain,27
orange,plain,27
red,plain,27
green,plain,27
orange,plain,27
brown,plain,27
brown,plain,27
red,plain,27
blue,plain,27
yellow,plain,27
green,plain,27
blue,plain,27
red,plain,27
green,plain,27
yellow,plain,27
green,plain,27
brown,plain,27
yellow,plain,27
yellow,plain,27
blue,plain,27
brown,plain,28
brown,plain,28
yellow,plain,28
yellow,plain,28
brown,plain,28
yellow,plain,28
yellow,plain,28
orange,plain,28
red,plain,28
brown,plain,28
red,plain,28
brown,plain,28
red,plain,28
red,plain,28
green,plain,28
brown,plain,28
blue,plain,28
yellow,plain,28
blue,plain,28
orange,plain,28
orange,plain,28
yellow,plain,28
red,plain,28
blue,plain,28
yellow,plain,28
orange,plain,28
blue,plain,28
orange,plain,28
orange,plain,28
brown,plain,28
green,plain,28
blue,plain,28
red,plain,28
orange,plain,28
blue,plain,28
green,plain,28
red,plain,28
blue,plain,28
orange,plain,28
yellow,plain,28
green,plain,28
orange,plain,28
yellow,plain,28
red,plain,28
brown,plain,28
yellow,plain,28
red,plain,28
green,plain,28
brown,plain,28
blue,plain,28
yellow,plain,28
red,plain,28
yellow,plain,28
orange,plain,28
green,plain,28
brown,plain,28
red,plain,28
green,plain,29
green,plain,29
yellow,plain,29
yellow,plain,29
red,plain,29
blue,plain,29
red,plain,29
red,plain,29
green,plain,29
blue,plain,29
red,plain,29
red,plain,29
blue,plain,29
yellow,plain,29
green,plain,29
yellow,plain,29
red,plain,29
blue,plain,29
blue,plain,29
orange,plain,29
yellow,plain,29
green,plain,29
orange,plain,29
brown,plain,29
green,plain,29
brown,plain,29
brown,plain,29
orange,plain,29
blue,plain,29
orange,plain,29
blue,plain,29
orange,plain,29
brown,plain,29
brown,plain,29
red,plain,29
green,plain,29
red,plain,29
orange,plain,29
blue,plain,29
red,plain,29
blue,plain,29
brown,plain,29
red,plain,29
blue,plain,29
red,plain,29
yellow,plain,29
orange,plain,29
orange,plain,29
orange,plain,29
red,plain,29
green,plain,29
yellow,plain,29
brown,plain,29
orange,plain,29
blue,plain,29
yellow,plain,29
yellow,plain,30
yellow,plain,30
brown,plain,30
brown,plain,30
orange,plain,30
green,plain,30
green,plain,30
brown,plain,30
brown,plain,30
yellow,plain,30
yellow,plain,30
brown,plain,30
green,plain,30
orange,plain,30
green,plain,30
orange,plain,30
blue,plain,30
yellow,plain,30
red,plain,30
orange,plain,30
brown,plain,30
blue,plain,30
orange,plain,30
green,plain,30
brown,plain,30
yellow,plain,30
blue,plain,30
yellow,plain,30
brown,plain,30
orange,plain,30
green,plain,30
orange,plain,30
orange,plain,30
red,plain,30
orange,plain,30
green,plain,30
yellow,plain,30
yellow,plain,30
green,plain,30
orange,plain,30
orange,plain,30
red,plain,30
red,plain,30
blue,plain,30
orange,plain,30
red,plain,30
green,plain,30
blue,plain,30
orange,plain,30
red,plain,30
orange,plain,30
yellow,plain,30
yellow,plain,30
brown,plain,30
orange,plain,30
red,plain,30
green,plain,30
brown,plain,31
green,plain,31
yellow,plain,31
yellow,plain,31
blue,plain,31
green,plain,31
brown,plain,31
yellow,plain,31
blue,plain,31
green,plain,31
blue,plain,31
brown,plain,31
green,plain,31
red,plain,31
brown,plain,31
orange,plain,31
yellow,plain,31
yellow,plain,31
green,plain,31
yellow,plain,31
orange,plain,31
red,plain,31
blue,plain,31
orange,plain,31
green,plain,31
green,plain,31
blue,plain,31
green,plain,31
green,plain,31
orange,plain,31
green,plain,31
red,plain,31
green,plain,31
red,plain,31
green,plain,31
orange,plain,31
green,plain,31
blue,plain,31
yellow,plain,31
orange,plain,31
blue,plain,31
green,plain,31
green,plain,31
orange,plain,31
red,plain,31
brown,plain,31
blue,plain,31
brown,plain,31
brown,plain,31
green,plain,31
yellow,plain,31
orange,plain,31
yellow,plain,31
orange,plain,31
yellow,plain,31
brown,plain,32
brown,plain,32
green,plain,32
blue,plain,32
red,plain,32
orange,plain,32
orange,plain,32
yellow,plain,32
orange,plain,32
blue,plain,32
blue,plain,32
brown,plain,32
yellow,plain,32
blue,plain,32
green,plain,32
orange,plain,32
red,plain,32
blue,plain,32
orange,plain,32
orange,plain,32
red,plain,32
brown,plain,32
orange,plain,32
green,plain,32
orange,plain,32
red,plain,32
blue,plain,32
orange,plain,32
blue,plain,32
red,plain,32
brown,plain,32
blue,plain,32
green,plain,32
yellow,plain,32
green,plain,32
brown,plain,32
blue,plain,32
blue,plain,32
green,plain,32
yellow,plain,32
green,plain,32
yellow,plain,32
blue,plain,32
blue,plain,32
red,plain,32
red,plain,32
blue,plain,32
red,plain,32
orange,plain,32
red,plain,32
brown,plain,32
brown,plain,32
orange,plain,32
red,plain,32
green,plain,33
yellow,plain,33
red,plain,33
orange,plain,33
yellow,plain,33
brown,plain,33
orange,plain,33
red,plain,33
red,plain,33
yellow,plain,33
orange,plain,33
orange,plain,33
blue,plain,33
orange,plain,33
red,plain,33
blue,plain,33
blue,plain,33
orange,plain,33
orange,plain,33
blue,plain,33
blue,plain,33
orange,plain,33
red,plain,33
blue,plain,33
blue,plain,33
red,plain,33
orange,plain,33
yellow,plain,33
blue,plain,33
brown,plain,33
red,plain,33
brown,plain,33
yellow,plain,33
orange,plain,33
green,plain,33
brown,plain,33
blue,plain,33
blue,plain,33
orange,plain,33
green,plain,33
orange,plain,33
blue,plain,33
red,plain,33
brown,plain,33
orange,plain,33
brown,plain,33
brown,plain,33
green,plain,33
brown,plain,33
orange,plain,33
green,plain,33
orange,plain,33
orange,plain,33
orange,plain,33
red,plain,34
blue,plain,34
green,plain,34
orange,plain,34
brown,plain,34
yellow,plain,34
yellow,plain,34
blue,plain,34
yellow,plain,34
red,plain,34
brown,plain,34
orange,plain,34
orange,plain,34
green,plain,34
green,plain,34
red,plain,34
brown,plain,34
orange,plain,34
red,plain,34
yellow,plain,34
green,plain,34
green,plain,34
orange,plain,34
red,plain,34
yellow,plain,34
yellow,plain,34
green,plain,34
red,plain,34
yellow,plain,34
orange,plain,34
red,plain,34
brown,plain,34
blue,plain,34
orange,plain,34
green,plain,34
yellow,plain,34
brown,plain,34
orange,plain,34
blue,plain,34
red,plain,34
yellow,plain,34
blue,plain,34
blue,plain,34
brown,plain,34
brown,plain,34
green,plain,34
yellow,plain,34
blue,plain,34
red,plain,34
yellow,plain,34
orange,plain,34
red,plain,34
brown,plain,34
green,plain,34
orange,plain,34
orange,plain,34
red,plain,34
brown,plain,35
orange,plain,35
orange,plain,35
blue,plain,35
yellow,plain,35
yellow,plain,35
blue,plain,35
blue,plain,35
blue,plain,35
yellow,plain,35
blue,plain,35
red,plain,35
green,plain,35
orange,plain,35
orange,plain,35
yellow,plain,35
red,plain,35
orange,plain,35
brown,plain,35
yellow,plain,35
red,plain,35
brown,plain,35
green,plain,35
orange,plain,35
green,plain,35
red,plain,35
orange,plain,35
red,plain,35
green,plain,35
blue,plain,35
orange,plain,35
yellow,plain,35
green,plain,35
blue,plain,35
yellow,plain,35
brown,plain,35
blue,plain,35
green,plain,35
orange,plain,35
brown,plain,35
brown,plain,35
orange,plain,35
red,plain,35
yellow,plain,35
green,plain,35
red,plain,35
brown,plain,35
orange,plain,35
red,plain,35
yellow,plain,35
green,plain,35
brown,plain,35
brown,plain,35
red,plain,35
green,plain,35
orange,plain,35
red,plain,36
orange,plain,36
brown,plain,36
green,plain,36
brown,plain,36
orange,plain,36
brown,plain,36
brown,plain,36
orange,plain,36
blue,plain,36
orange,plain,36
yellow,plain,36
blue,plain,36
blue,plain,36
orange,plain,36
green,plain,36
green,plain,36
blue,plain,36
yellow,plain,36
orange,plain,36
blue,plain,36
green,plain,36
green,plain,36
brown,plain,36
orange,plain,36
brown,plain,36
green,plain,36
orange,plain,36
red,plain,36
blue,plain,36
blue,plain,36
yellow,plain,36
yellow,plain,36
green,plain,36
brown,plain,36
orange,plain,36
yellow,plain,36
red,plain,36
brown,plain,36
orange,plain,36
red,plain,36
brown,plain,36
yellow,plain,36
blue,plain,36
brown,plain,36
red,plain,36
brown,plain,36
orange,plain,36
orange,plain,36
orange,plain,36
green,plain,36
orange,plain,36
brown,plain,36
green,plain,36
yellow,plain,36
red,plain,36
yellow,plain,37
orange,plain,37
blue,plain,37
green,plain,37
brown,plain,37
blue,plain,37
orange,plain,37
orange,plain,37
green,plain,37
green,plain,37
green,plain,37
green,plain,37
blue,plain,37
orange,plain,37
blue,plain,37
blue,plain,37
green,plain,37
yellow,plain,37
orange,plain,37
blue,plain,37
yellow,plain,37
blue,plain,37
blue,plain,37
blue,plain,37
yellow,plain,37
yellow,plain,37
green,plain,37
blue,plain,37
green,plain,37
orange,plain,37
green,plain,37
blue,plain,37
blue,plain,37
orange,plain,37
orange,plain,37
blue,plain,37
orange,plain,37
yellow,plain,37
yellow,plain,37
orange,plain,37
yellow,plain,37
blue,plain,37
orange,plain,37
red,plain,37
yellow,plain,37
green,plain,37
green,plain,37
red,plain,37
brown,plain,37
orange,plain,37
brown,plain,37
yellow,plain,37
orange,plain,37
blue,plain,37
orange,plain,37
brown,plain,38
brown,plain,38
blue,plain,38
red,plain,38
red,plain,38
red,plain,38
yellow,plain,38
orange,plain,38
red,plain,38
orange,plain,38
yellow,plain,38
red,plain,38
green,plain,38
blue,plain,38
brown,plain,38
brown,plain,38
brown,plain,38
blue,plain,38
yellow,plain,38
brown,plain,38
green,plain,38
red,plain,38
green,plain,38
orange,plain,38
orange,plain,38
blue,plain,38
brown,plain,38
blue,plain,38
green,plain,38
orange,plain,38
green,plain,38
orange,plain,38
green,plain,38
orange,plain,38
brown,plain,38
green,plain,38
red,plain,38
yellow,plain,38
red,plain,38
green,plain,38
red,plain,38
brown,plain,38
orange,plain,38
green,plain,38
green,plain,38
red,plain,38
brown,plain,38
green,plain,38
yellow,plain,38
blue,plain,38
green,plain,38
brown,plain,38
orange,plain,38
brown,plain,38
blue,plain,38
red,plain,39
blue,plain,39
blue,plain,39
brown,plain,39
blue,plain,39
orange,plain,39
red,plain,39
blue,plain,39
yellow,plain,39
orange,plain,39
red,plain,39
orange,plain,39
blue,plain,39
green,plain,39
orange,plain,39
green,plain,39
green,plain,39
green,plain,39
green,plain,39
blue,plain,39
orange,plain,39
green,plain,39
orange,plain,39
orange,plain,39
yellow,plain,39
green,plain,39
red,plain,39
yellow,plain,39
yellow,plain,39
yellow,plain,39
green,plain,39
brown,plain,39
blue,plain,39
yellow,plain,39
yellow,plain,39
red,plain,39
green,plain,39
red,plain,39
blue,plain,39
blue,plain,39
brown,plain,39
yellow,plain,39
brown,plain,39
green,plain,39
red,plain,39
yellow,plain,39
orange,plain,39
orange,plain,39
red,plain,39
yellow,plain,39
brown,plain,39
orange,plain,39
orange,plain,39
red,plain,39
red,plain,39
red,plain,40
green,plain,40
blue,plain,40
orange,plain,40
blue,plain,40
blue,plain,40
green,plain,40
orange,plain,40
blue,plain,40
brown,plain,40
orange,plain,40
brown,plain,40
green,plain,40
blue,plain,40
orange,plain,40
yellow,plain,40
orange,plain,40
red,plain,40
green,plain,40
blue,plain,40
orange,plain,40
blue,plain,40
red,plain,40
blue,plain,40
orange,plain,40
red,plain,40
green,plain,40
blue,plain,40
orange,plain,40
green,plain,40
brown,plain,40
orange,plain,40
green,plain,40
red,plain,40
brown,plain,40
brown,plain,40
red,plain,40
blue,plain,40
red,plain,40
green,plain,40
blue,plain,40
green,plain,40
orange,plain,40
red,plain,40
orange,plain,40
green,plain,40
green,plain,40
red,plain,40
blue,plain,40
brown,plain,40
yellow,plain,40
green,plain,40
blue,plain,40
red,plain,41
red,plain,41
blue,plain,41
yellow,plain,41
blue,plain,41
red,plain,41
orange,plain,41
blue,plain,41
orange,plain,41
green,plain,41
brown,plain,41
brown,plain,41
brown,plain,41
red,plain,41
green,plain,41
blue,plain,41
green,plain,41
red,plain,41
yellow,plain,41
blue,plain,41
orange,plain,41
green,plain,41
orange,plain,41
red,plain,41
red,plain,41
green,plain,41
blue,plain,41
green,plain,41
orange,plain,41
green,plain,41
brown,plain,41
green,plain,41
orange,plain,41
yellow,plain,41
brown,plain,41
yellow,plain,41
blue,plain,41
yellow,plain,41
red,plain,41
yellow,plain,41
green,plain,41
red,plain,41
yellow,plain,41
brown,plain,41
red,plain,41
blue,plain,41
orange,plain,41
red,plain,41
orange,plain,41
orange,plain,41
orange,plain,41
yellow,plain,41
yellow,plain,41
orange,plain,41
brown,plain,41
brown,plain,42
green,plain,42
green,plain,42
yellow,plain,42
red,plain,42
orange,plain,42
orange,plain,42
orange,plain,42
orange,plain,42
brown,plain,42
orange,plain,42
red,plain,42
orange,plain,42
brown,plain,42
green,plain,42
orange,plain,42
green,plain,42
blue,plain,42
brown,plain,42
blue,plain,42
blue,plain,42
orange,plain,42
brown,plain,42
blue,plain,42
green,plain,42
orange,plain,42
brown,plain,42
blue,plain,42
green,plain,42
green,plain,42
orange,plain,42
orange,plain,42
blue,plain,42
brown,plain,42
blue,plain,42
red,plain,42
yellow,plain,42
red,plain,42
green,plain,42
orange,plain,42
blue,plain,42
orange,plain,42
orange,plain,42
blue,plain,42
yellow,plain,42
green,plain,42
orange,plain,42
orange,plain,42
yellow,plain,42
blue,plain,42
orange,plain,42
green,plain,42
blue,plain,42
brown,plain,42
orange,plain,43
orange,plain,43
blue,plain,43
brown,plain,43
orange,plain,43
green,plain,43
yellow,plain,43
green,plain,43
orange,plain,43
green,plain,43
blue,plain,43
green,plain,43
brown,plain,43
green,plain,43
orange,plain,43
orange,plain,43
green,plain,43
orange,plain,43
green,plain,43
yellow,plain,43
red,plain,43
yellow,plain,43
red,plain,43
blue,plain,43
blue,plain,43
yellow,plain,43
green,plain,43
brown,plain,43
red,plain,43
brown,plain,43
orange,plain,43
orange,plain,43
green,plain,43
green,plain,43
red,plain,43
blue,plain,43
red,plain,43
green,plain,43
blue,plain,43
yellow,plain,43
brown,plain,43
red,plain,43
orange,plain,43
yellow,plain,43
red,plain,43
orange,plain,43
blue,plain,43
green,plain,43
brown,plain,43
brown,plain,43
orange,plain,43
green,plain,43
blue,plain,43
orange,plain,43
orange,plain,44
red,plain,44
blue,plain,44
green,plain,44
yellow,plain,44
red,plain,44
orange,plain,44
green,plain,44
blue,plain,44
brown,plain,44
green,plain,44
green,plain,44
yellow,plain,44
yellow,plain,44
yellow,plain,44
orange,plain,44
blue,plain,44
orange,plain,44
brown,plain,44
brown,plain,44
orange,plain,44
yellow,plain,44
brown,plain,44
brown,plain,44
blue,plain,44
orange,plain,44
blue,plain,44
blue,plain,44
red,plain,44
orange,plain,44
orange,plain,44
brown,plain,44
yellow,plain,44
blue,plain,44
orange,plain,44
red,plain,44
green,plain,44
orange,plain,44
orange,plain,44
brown,plain,44
green,plain,44
brown,plain,44
orange,plain,44
red,plain,44
green,plain,44
red,plain,44
brown,plain,44
blue,plain,44
red,plain,44
orange,plain,44
red,plain,44
green,plain,44
green,plain,44
yellow,plain,45
brown,plain,45
orange,plain,45
red,plain,45
blue,plain,45
green,plain,45
red,plain,45
brown,plain,45
blue,plain,45
green,plain,45
brown,plain,45
yellow,plain,45
blue,plain,45
red,plain,45
brown,plain,45
orange,plain,45
red,plain,45
red,plain,45
green,plain,45
blue,plain,45
green,plain,45
orange,plain,45
blue,plain,45
brown,plain,45
yellow,plain,45
yellow,plain,45
blue,plain,45
green,plain,45
orange,plain,45
brown,plain,45
brown,plain,45
orange,plain,45
orange,plain,45
orange,plain,45
blue,plain,45
green,plain,45
yellow,plain,45
orange,plain,45
red,plain,45
brown,plain,45
blue,plain,45
orange,plain,45
blue,plain,45
brown,plain,45
yellow,plain,45
green,plain,45
green,plain,45
red,plain,45
blue,plain,45
green,plain,45
green,plain,45
blue,plain,45
red,plain,45
orange,plain,45
yellow,plain,46
green,plain,46
blue,plain,46
orange,plain,46
brown,plain,46
brown,plain,46
green,plain,46
orange,plain,46
green,plain,46
yellow,plain,46
yellow,plain,46
green,plain,46
red,plain,46
brown,plain,46
blue,plain,46
red,plain,46
red,plain,46
orange,plain,46
blue,plain,46
brown,plain,46
brown,plain,46
blue,plain,46
orange,plain,46
green,plain,46
orange,plain,46
orange,plain,46
blue,plain,46
green,plain,46
yellow,plain,46
red,plain,46
red,plain,46
yellow,plain,46
orange,plain,46
green,plain,46
yellow,plain,46
green,plain,46
yellow,plain,46
orange,plain,46
orange,plain,46
yellow,plain,46
red,plain,46
brown,plain,46
yellow,plain,46
green,plain,46
blue,plain,46
red,plain,46
orange,plain,46
red,plain,46
blue,plain,46
green,plain,46
blue,plain,46
blue,plain,46
yellow,plain,46
red,plain,46
yellow,plain,47
red,plain,47
brown,plain,47
orange,plain,47
red,plain,47
orange,plain,47
brown,plain,47
yellow,plain,47
brown,plain,47
orange,plain,47
blue,plain,47
green,plain,47
blue,plain,47
orange,plain,47
blue,plain,47
green,plain,47
yellow,plain,47
blue,plain,47
blue,plain,47
orange,plain,47
blue,plain,47
blue,plain,47
blue,plain,47
yellow,plain,47
orange,plain,47
red,plain,47
red,plain,47
orange,plain,47
orange,plain,47
green,plain,47
green,plain,47
green,plain,47
blue,plain,47
green,plain,47
brown,plain,47
green,plain,47
orange,plain,47
blue,plain,47
blue,plain,47
green,plain,47
green,plain,47
blue,plain,47
green,plain,47
orange,plain,47
brown,plain,47
brown,plain,47
orange,plain,47
yellow,plain,47
blue,plain,47
orange,plain,47
brown,plain,47
brown,plain,47
yellow,plain,47
orange,plain,47
green,plain,47
green,plain,48
green,plain,48
red,plain,48
blue,plain,48
green,plain,48
orange,plain,48
blue,plain,48
blue,plain,48
yellow,plain,48
green,plain,48
brown,plain,48
orange,plain,48
orange,plain,48
yellow,plain,48
red,plain,48
blue,plain,48
blue,plain,48
yellow,plain,48
brown,plain,48
brown,plain,48
blue,plain,48
green,plain,48
green,plain,48
orange,plain,48
green,plain,48
blue,plain,48
red,plain,48
brown,plain,48
orange,plain,48
blue,plain,48
blue,plain,48
yellow,plain,48
blue,plain,48
green,plain,48
brown,plain,48
orange,plain,48
orange,plain,48
brown,plain,48
yellow,plain,48
orange,plain,48
brown,plain,48
green,plain,48
blue,plain,48
red,plain,48
red,plain,48
green,plain,48
red,plain,48
yellow,plain,48
red,plain,48
blue,plain,48
blue,plain,48
blue,plain,48
brown,plain,48
orange,plain,48
red,plain,48